Datum;Errechneter Wert;Ausgabepreis
05.01.2017;273,65;273,65
04.01.2017;273,66;273,66
03.01.2017;270,13;270,13
02.01.2017;268,33;268,33
30.12.2016;269,95;269,95
29.12.2016;272,26;272,26
28.12.2016;272,36;272,36
27.12.2016;271,8;271,8
23.12.2016;271,71;271,71
22.12.2016;273,19;273,19
21.12.2016;274,72;274,72
20.12.2016;272,84;272,84
19.12.2016;273,18;273,18
16.12.2016;273,51;273,51
15.12.2016;268,93;268,93
14.12.2016;270,22;270,22
13.12.2016;268,97;268,97
12.12.2016;271,38;271,38
09.12.2016;269,04;269,04
07.12.2016;262,06;262,06
06.12.2016;260,86;260,86
05.12.2016;260,72;260,72
02.12.2016;262,11;262,11
01.12.2016;263,06;263,06
30.11.2016;263;263
29.11.2016;263,31;263,31
28.11.2016;264,1;264,1
25.11.2016;264,05;264,05
24.11.2016;264,39;264,39
23.11.2016;263,24;263,24
22.11.2016;261,3;271,75
21.11.2016;260,92;271,36
18.11.2016;260,03;270,43
17.11.2016;258,99;269,35
16.11.2016;258,11;268,43
15.11.2016;256,56;266,82
14.11.2016;256,29;266,54
11.11.2016;256,3;266,55
10.11.2016;254,08;264,24
09.11.2016;250,73;260,76
08.11.2016;250,35;260,36
07.11.2016;245,03;254,83
04.11.2016;246,73;256,6
03.11.2016;246,77;256,64
02.11.2016;250,12;260,12
31.10.2016;254,32;264,49
28.10.2016;254,74;264,93
27.10.2016;255,66;265,89
25.10.2016;257,9;268,22
24.10.2016;257,17;267,46
21.10.2016;256,45;266,71
20.10.2016;256,28;266,53
19.10.2016;255,05;265,25
18.10.2016;252,41;262,51
17.10.2016;253,1;263,22
14.10.2016;251,47;261,53
13.10.2016;253,26;263,39
12.10.2016;252,91;263,03
11.10.2016;253,85;264
10.10.2016;252,48;262,58
07.10.2016;254,32;264,49
06.10.2016;253,61;263,75
05.10.2016;254,08;264,24
04.10.2016;253,16;263,29
03.10.2016;252,82;262,93
30.09.2016;252,05;262,13
29.09.2016;253,18;263,31
28.09.2016;252,02;262,1
27.09.2016;249,37;259,34
26.09.2016;252,8;262,91
23.09.2016;253,64;263,79
22.09.2016;253,09;263,21
21.09.2016;249,91;259,91
20.09.2016;250,04;260,04
19.09.2016;249,27;259,24
16.09.2016;249;258,96
15.09.2016;246,88;256,76
14.09.2016;247,07;256,95
13.09.2016;250,19;260,2
12.09.2016;249,48;259,46
09.09.2016;253,47;263,61
08.09.2016;254,67;264,86
07.09.2016;254,59;264,77
06.09.2016;255,95;266,19
05.09.2016;255,06;265,26
02.09.2016;252,57;262,67
01.09.2016;253,21;263,34
31.08.2016;253,81;263,96
30.08.2016;253,6;263,74
29.08.2016;251,24;261,29
26.08.2016;251,15;261,2
25.08.2016;252,13;262,22
24.08.2016;251,44;261,5
23.08.2016;250,4;260,42
22.08.2016;250,32;260,33
19.08.2016;250,98;261,02
18.08.2016;251,2;261,25
17.08.2016;251,29;261,34
16.08.2016;253,88;264,04
12.08.2016;253,58;263,72
11.08.2016;252,48;262,58
10.08.2016;253,89;264,05
09.08.2016;253,84;263,99
08.08.2016;253,76;263,91
05.08.2016;250,57;260,59
04.08.2016;248,63;258,58
03.08.2016;247,51;257,41
02.08.2016;250,82;260,85
01.08.2016;250,93;260,97
29.07.2016;252,2;262,29
28.07.2016;253,94;264,1
27.07.2016;254,21;264,38
26.07.2016;253,91;264,07
25.07.2016;253,93;264,09
22.07.2016;253,38;263,52
21.07.2016;253,47;263,61
20.07.2016;251,55;261,61
19.07.2016;250,9;260,94
18.07.2016;250,55;260,57
15.07.2016;250,08;260,08
14.07.2016;248,58;258,52
13.07.2016;249,03;258,99
12.07.2016;246,97;256,85
11.07.2016;244,93;254,73
08.07.2016;241,26;250,91
07.07.2016;240,5;250,12
06.07.2016;240,4;250,02
05.07.2016;242,26;251,95
04.07.2016;242,43;252,13
01.07.2016;242,01;251,69
30.06.2016;239,08;248,64
29.06.2016;235,08;244,48
28.06.2016;232,58;241,88
27.06.2016;235,59;245,01
24.06.2016;243,78;253,53
23.06.2016;241,93;251,61
22.06.2016;242,03;251,71
21.06.2016;240,52;250,14
20.06.2016;238,29;247,82
17.06.2016;239,49;249,07
16.06.2016;238,53;248,07
15.06.2016;238,69;248,24
14.06.2016;238,8;248,35
13.06.2016;242,34;252,03
10.06.2016;245,27;255,08
09.06.2016;245,35;255,16
08.06.2016;245,71;255,54
07.06.2016;244,29;254,06
06.06.2016;243,95;253,71
03.06.2016;247,52;257,42
02.06.2016;247,07;256,95
01.06.2016;248,17;258,1
31.05.2016;248,29;258,22
30.05.2016;248,48;258,42
27.05.2016;246,22;256,07
25.05.2016;244,68;254,47
24.05.2016;240,74;250,37
23.05.2016;240,62;250,24
20.05.2016;238,79;248,34
19.05.2016;239,11;248,67
18.05.2016;237,83;247,34
17.05.2016;239,15;248,72
13.05.2016;237,95;247,47
12.05.2016;238,07;247,59
11.05.2016;240,13;249,74
10.05.2016;237,97;247,49
09.05.2016;237,27;246,76
06.05.2016;237,44;246,94
04.05.2016;237,66;247,17
03.05.2016;240,14;249,75
02.05.2016;240,76;250,39
29.04.2016;244,73;254,52
28.04.2016;246,57;256,43
27.04.2016;246,17;256,02
26.04.2016;246,18;256,03
25.04.2016;247,61;257,51
22.04.2016;246,63;256,5
21.04.2016;246,72;256,59
20.04.2016;245,86;255,69
19.04.2016;244,87;254,66
18.04.2016;244,84;254,63
15.04.2016;246,11;255,95
14.04.2016;244,82;254,61
13.04.2016;239,26;248,83
12.04.2016;236,75;246,22
11.04.2016;237,43;246,93
08.04.2016;236,63;246,1
07.04.2016;238,56;248,1
06.04.2016;236,49;245,95
05.04.2016;239,19;248,76
04.04.2016;240,19;249,8
01.04.2016;239,74;249,33
31.03.2016;241,5;251,16
30.03.2016;242,66;252,37
29.03.2016;240,39;250,01
24.03.2016;242,02;251,7
23.03.2016;242,72;252,43
22.03.2016;241,92;251,6
21.03.2016;241,07;250,71
18.03.2016;240,12;249,72
17.03.2016;242,68;252,39
16.03.2016;241,46;251,12
15.03.2016;243,35;253,08
14.03.2016;241,91;251,59
11.03.2016;237,71;247,22
10.03.2016;240,4;250,02
09.03.2016;238,53;248,07
08.03.2016;242,29;251,98
07.03.2016;241,85;251,52
04.03.2016;242,44;252,14
03.03.2016;243,2;252,93
02.03.2016;240,52;250,14
01.03.2016;236,28;245,73
29.02.2016;236,2;245,65
26.02.2016;233,75;243,1
25.02.2016;231,79;241,06
24.02.2016;231,89;241,17
23.02.2016;234,19;243,56
22.02.2016;229,85;239,04
19.02.2016;230,26;239,47
18.02.2016;229,36;238,53
17.02.2016;226,29;235,34
16.02.2016;223,17;232,1
15.02.2016;217,94;226,66
12.02.2016;215,13;223,74
11.02.2016;220,57;229,39
10.02.2016;218,37;227,1
09.02.2016;222,9;231,82
08.02.2016;227,06;236,14
05.02.2016;230,88;240,12
04.02.2016;231,93;241,21
03.02.2016;234,75;244,14
02.02.2016;240,07;249,67
01.02.2016;240,59;250,21
29.01.2016;232,78;242,09
28.01.2016;235,47;244,89
27.01.2016;236,37;245,82
26.01.2016;235,43;244,85
25.01.2016;238,05;247,57
22.01.2016;232,05;241,33
21.01.2016;230,87;240,1
20.01.2016;234,48;243,86
19.01.2016;234,51;243,89
18.01.2016;233,79;243,14
15.01.2016;240,25;249,86
14.01.2016;239,53;249,11
13.01.2016;243,2;252,93
12.01.2016;241,93;251,61
11.01.2016;242,16;251,85
08.01.2016;246,12;255,96
07.01.2016;253,66;263,81
05.01.2016;256,05;266,29
04.01.2016;259,39;269,77
30.12.2015;261,86;272,33
29.12.2015;257,94;268,26
28.12.2015;259,22;269,59
23.12.2015;255,77;266
22.12.2015;255,12;265,32
21.12.2015;255,31;265,52
18.12.2015;258,82;269,17
17.12.2015;258,25;268,58
16.12.2015;255,61;265,83
15.12.2015;251,01;261,05
14.12.2015;252,87;262,98
11.12.2015;258,41;268,75
10.12.2015;257,45;267,75
09.12.2015;261,17;271,62
07.12.2015;265,04;275,64
04.12.2015;263,72;274,27
03.12.2015;272,83;283,74
02.12.2015;273,66;284,61
01.12.2015;271,56;282,42
30.11.2015;271,62;282,48
27.11.2015;271,48;282,34
26.11.2015;271,28;282,13
25.11.2015;270,07;280,87
24.11.2015;270,5;281,32
23.11.2015;269,96;280,76
20.11.2015;268,57;279,31
19.11.2015;269,46;280,24
18.11.2015;267,25;277,94
17.11.2015;264,36;274,93
16.11.2015;262,65;273,16
13.11.2015;270,12;280,92
12.11.2015;273,64;284,59
11.11.2015;275,05;286,05
10.11.2015;273,76;284,71
09.11.2015;275,56;286,58
06.11.2015;272,9;283,82
05.11.2015;272,65;283,56
04.11.2015;270,12;280,92
03.11.2015;268,2;278,93
02.11.2015;266,88;277,56
30.10.2015;269,13;279,9
29.10.2015;268,28;279,01
28.10.2015;265,45;276,07
27.10.2015;266,64;277,31
23.10.2015;262,03;272,51
22.10.2015;256,61;266,87
21.10.2015;258,81;269,16
20.10.2015;259,67;270,06
19.10.2015;258,99;269,35
16.10.2015;257,8;268,11
15.10.2015;252,99;263,11
14.10.2015;255,59;265,81
13.10.2015;257,73;268,04
12.10.2015;257,84;268,15
09.10.2015;258,18;268,51
08.10.2015;258,02;268,34
07.10.2015;255,11;265,31
06.10.2015;255,99;266,23
05.10.2015;250,82;260,85
02.10.2015;248,86;258,81
01.10.2015;248,5;258,44
30.09.2015;242,3;251,99
29.09.2015;244,97;254,77
28.09.2015;250,92;260,96
25.09.2015;247,57;257,47
24.09.2015;252,52;262,62
23.09.2015;253,69;263,84
22.09.2015;256,65;266,92
21.09.2015;253,65;263,8
18.09.2015;258,06;268,38
17.09.2015;258,31;268,64
16.09.2015;255,77;266
15.09.2015;253,83;263,98
14.09.2015;255,64;265,87
11.09.2015;256,91;267,19
10.09.2015;259,17;269,54
09.09.2015;256,96;267,24
08.09.2015;253,32;263,45
07.09.2015;254,01;264,17
04.09.2015;258,43;268,77
03.09.2015;253,97;264,13
02.09.2015;251,78;261,85
01.09.2015;259,63;270,02
31.08.2015;260,48;270,9
28.08.2015;259,43;269,81
27.08.2015;249,45;259,43
26.08.2015;244,77;254,56
25.08.2015;242,05;251,73
24.08.2015;257,32;267,61
21.08.2015;267;277,68
20.08.2015;275,39;286,41
19.08.2015;278,8;289,95
18.08.2015;278,9;290,06
17.08.2015;277,22;288,31
14.08.2015;276,54;287,6
13.08.2015;275,65;286,68
12.08.2015;280,99;292,23
11.08.2015;284,94;296,34
10.08.2015;282,82;294,13
07.08.2015;284,14;295,51
06.08.2015;286,53;297,99
05.08.2015;283,42;294,76
04.08.2015;283,94;295,3
03.08.2015;283,23;294,56
31.07.2015;285,48;296,9
30.07.2015;283,16;294,49
29.07.2015;280,9;292,14
28.07.2015;277,53;288,63
27.07.2015;283,68;295,03
24.07.2015;286,07;297,51
23.07.2015;288,62;300,16
22.07.2015;288,93;300,49
21.07.2015;291,31;302,96
20.07.2015;291,87;303,54
17.07.2015;290,98;302,62
16.07.2015;287,57;299,07
15.07.2015;287;298,48
14.07.2015;286,19;297,64
13.07.2015;279,37;290,54
10.07.2015;278,31;289,44
09.07.2015;275,01;286,01
08.07.2015;283,3;294,63
07.07.2015;280,52;291,74
06.07.2015;283,06;294,38
03.07.2015;283,5;294,84
02.07.2015;283,83;295,18
01.07.2015;281,12;292,36
30.06.2015;280,24;291,45
29.06.2015;286,57;298,03
26.06.2015;286,71;298,18
25.06.2015;287,77;299,28
24.06.2015;289,5;301,08
23.06.2015;283,31;294,64
22.06.2015;281,64;292,91
19.06.2015;280,55;291,77
18.06.2015;282,61;293,91
17.06.2015;282,71;294,02
16.06.2015;281,74;293,01
15.06.2015;283,48;294,82
12.06.2015;285,22;296,63
11.06.2015;282,55;293,85
10.06.2015;280,94;292,18
09.06.2015;282,88;294,2
08.06.2015;286,56;298,02
05.06.2015;284,17;295,54
03.06.2015;289,05;300,61
02.06.2015;295,03;306,83
01.06.2015;293,38;305,12
29.05.2015;295,79;307,62
28.05.2015;297,78;309,69
27.05.2015;295,55;307,37
26.05.2015;295,28;307,09
22.05.2015;292,48;304,18
21.05.2015;292,23;303,92
20.05.2015;291,31;302,96
19.05.2015;285,43;296,85
18.05.2015;282,59;293,89
15.05.2015;282,81;294,12
13.05.2015;283,61;294,95
12.05.2015;287,31;298,8
11.05.2015;285,77;297,2
08.05.2015;280,69;291,92
07.05.2015;278,87;290,02
06.05.2015;283,04;294,36
05.05.2015;286,65;298,12
04.05.2015;284,74;296,13
30.04.2015;287,52;299,02
29.04.2015;293,02;304,74
28.04.2015;295,15;306,96
27.04.2015;296,16;308,01
24.04.2015;297,3;309,19
23.04.2015;297,74;309,65
22.04.2015;295,83;307,66
21.04.2015;294;305,76
20.04.2015;293,08;304,8
17.04.2015;297,77;309,68
16.04.2015;299,05;311,01
15.04.2015;295,56;307,38
14.04.2015;298,12;310,04
13.04.2015;297,07;308,95
10.04.2015;294,17;305,94
09.04.2015;289,87;301,46
08.04.2015;285,99;297,43
07.04.2015;281,39;292,65
02.04.2015;284,68;296,07
01.04.2015;285,68;297,11
31.03.2015;285,1;296,5
30.03.2015;281,12;292,36
27.03.2015;280,47;291,69
26.03.2015;280,45;291,67
25.03.2015;284,85;296,24
24.03.2015;285,72;297,15
23.03.2015;288,93;300,49
20.03.2015;290,62;302,24
19.03.2015;290,39;302,01
18.03.2015;288,55;300,09
17.03.2015;289,38;300,96
16.03.2015;288,5;300,04
13.03.2015;286,71;298,18
12.03.2015;284,94;296,34
11.03.2015;281,1;292,34
10.03.2015;282,02;293,3
09.03.2015;281,63;292,9
06.03.2015;280,42;291,64
05.03.2015;279,45;290,63
04.03.2015;277,97;289,09
03.03.2015;279,13;290,3
02.03.2015;276,97;288,05
27.02.2015;277,52;288,62
26.02.2015;273,91;284,87
25.02.2015;274,95;285,95
24.02.2015;273,78;284,73
23.02.2015;272,96;283,88
20.02.2015;271,6;282,46
19.02.2015;271,78;282,65
18.02.2015;270,86;281,69
17.02.2015;270,32;281,13
16.02.2015;269,97;280,77
13.02.2015;267,91;278,63
12.02.2015;266,08;276,72
11.02.2015;265,95;276,59
10.02.2015;264,24;274,81
09.02.2015;264,86;275,45
06.02.2015;263,37;273,9
05.02.2015;262,16;272,65
04.02.2015;261,7;272,17
03.02.2015;260,3;270,71
02.02.2015;259,45;269,83
30.01.2015;260,48;270,9
29.01.2015;260,57;270,99
28.01.2015;261,66;272,13
27.01.2015;266,26;276,91
26.01.2015;265,7;276,33
23.01.2015;261,99;272,47
22.01.2015;255,89;266,13
21.01.2015;254,43;264,61
20.01.2015;252,81;262,92
19.01.2015;255,21;265,42
16.01.2015;250,66;260,69
15.01.2015;247,36;257,25
14.01.2015;248,69;258,64
13.01.2015;247,83;257,74
12.01.2015;248,77;258,72
09.01.2015;250,49;260,51
08.01.2015;245,5;255,32
07.01.2015;241,89;251,57
05.01.2015;246,7;256,57
02.01.2015;245,53;255,35
30.12.2014;246,58;256,44
29.12.2014;245,94;255,78
23.12.2014;244,17;253,94
22.12.2014;242,91;252,63
19.12.2014;240,65;250,28
18.12.2014;233,93;243,29
17.12.2014;229,48;238,66
16.12.2014;231,81;241,08
15.12.2014;233,5;242,84
12.12.2014;238,13;247,66
11.12.2014;237,59;247,09
10.12.2014;240,62;250,24
09.12.2014;244,28;254,05
05.12.2014;243,36;253,09
04.12.2014;245,76;255,59
03.12.2014;243,49;253,23
02.12.2014;241,34;250,99
01.12.2014;243,45;253,19
28.11.2014;244,8;254,59
27.11.2014;244,22;253,99
26.11.2014;244,32;254,09
25.11.2014;245,23;255,04
24.11.2014;244,88;254,68
21.11.2014;240,66;250,29
20.11.2014;239,99;249,59
19.11.2014;240,64;250,27
18.11.2014;240,39;250,01
17.11.2014;240,47;250,09
14.11.2014;240,79;250,42
13.11.2014;240,83;250,46
12.11.2014;241,62;251,28
11.11.2014;241,4;251,06
10.11.2014;240,67;250,3
07.11.2014;240,59;250,21
06.11.2014;239,61;249,19
05.11.2014;237;246,48
04.11.2014;239,01;248,57
03.11.2014;239,59;249,17
31.10.2014;235,07;244,47
30.10.2014;232,1;241,38
29.10.2014;231,81;241,08
28.10.2014;229,36;238,53
27.10.2014;230,66;239,89
24.10.2014;229,91;239,11
23.10.2014;228,27;237,4
22.10.2014;227,56;236,66
21.10.2014;223,22;232,15
20.10.2014;221,76;230,63
17.10.2014;219,04;227,8
16.10.2014;219,21;227,98
15.10.2014;223,26;232,19
14.10.2014;223,15;232,08
13.10.2014;226,39;235,45
10.10.2014;229,21;238,38
09.10.2014;232,51;241,81
08.10.2014;232,34;241,63
07.10.2014;235,77;245,2
06.10.2014;236,25;245,7
03.10.2014;232,26;241,55
02.10.2014;234,35;243,72
01.10.2014;236,63;246,1
30.09.2014;236,9;246,38
29.09.2014;238,04;247,56
26.09.2014;236,42;245,88
25.09.2014;238,32;247,85
24.09.2014;235,75;245,18
23.09.2014;238,01;247,53
22.09.2014;240,44;250,06
19.09.2014;239,76;249,35
18.09.2014;238,54;248,08
17.09.2014;238,43;247,97
16.09.2014;238,01;247,53
15.09.2014;238,63;248,18
12.09.2014;239,48;249,06
11.09.2014;239,86;249,45
10.09.2014;240,03;249,63
09.09.2014;241,01;250,65
08.09.2014;241,48;251,14
05.09.2014;241,03;250,67
04.09.2014;238,59;248,13
03.09.2014;237,92;247,44
02.09.2014;237,68;247,19
01.09.2014;236,96;246,44
29.08.2014;235,98;245,42
28.08.2014;236,41;245,87
27.08.2014;236,18;245,63
26.08.2014;235,59;245,01
25.08.2014;233,86;243,21
22.08.2014;233,19;242,52
21.08.2014;232,58;241,88
20.08.2014;231,72;240,99
19.08.2014;229,43;238,61
18.08.2014;227,77;236,88
14.08.2014;226,71;235,78
13.08.2014;225,82;234,85
12.08.2014;225,74;234,77
11.08.2014;223,38;232,32
08.08.2014;223,6;232,54
07.08.2014;225,12;234,12
06.08.2014;225,49;234,51
05.08.2014;226,52;235,58
04.08.2014;225,48;234,5
01.08.2014;227,6;236,7
31.07.2014;231,26;240,51
30.07.2014;231,06;240,3
29.07.2014;231,13;240,38
28.07.2014;231,57;240,83
25.07.2014;232,03;241,31
24.07.2014;232,08;241,36
23.07.2014;231,69;240,96
22.07.2014;229,22;238,39
21.07.2014;229,94;239,14
18.07.2014;228,8;237,95
17.07.2014;230,47;239,69
16.07.2014;228,65;237,8
15.07.2014;228,34;237,47
14.07.2014;227,23;236,32
11.07.2014;226,81;235,88
10.07.2014;227,62;236,72
09.07.2014;227,73;236,84
08.07.2014;229,69;238,88
07.07.2014;231,25;240,5
04.07.2014;231,07;240,31
03.07.2014;229,04;238,2
02.07.2014;228,17;237,3
01.07.2014;226,35;235,4
30.06.2014;226,96;236,04
27.06.2014;227,51;236,61
26.06.2014;226,73;235,8
25.06.2014;227,24;236,33
24.06.2014;228,64;237,79
23.06.2014;229,23;238,4
20.06.2014;227,8;236,91
18.06.2014;226,83;235,9
17.06.2014;225,77;234,8
16.06.2014;226,76;235,83
13.06.2014;225,84;234,87
12.06.2014;226,84;235,91
11.06.2014;226,79;235,86
10.06.2014;226,08;235,12
06.06.2014;224,52;233,5
05.06.2014;223,37;232,3
04.06.2014;223,14;232,07
03.06.2014;223,42;232,36
02.06.2014;222,21;231,1
30.05.2014;222,8;231,71
28.05.2014;221,56;230,42
27.05.2014;220,51;229,33
26.05.2014;220,38;229,2
23.05.2014;218,91;227,67
22.05.2014;217,76;226,47
21.05.2014;216,25;224,9
20.05.2014;216,92;225,6
19.05.2014;216,31;224,96
16.05.2014;216,32;224,97
15.05.2014;218,08;226,8
14.05.2014;218,54;227,28
13.05.2014;217,52;226,22
12.05.2014;215,42;224,04
09.05.2014;214,57;223,15
08.05.2014;213,16;221,69
07.05.2014;212,55;221,05
06.05.2014;214,02;222,58
05.05.2014;214,33;222,9
02.05.2014;214,1;222,66
30.04.2014;213,74;222,29
29.04.2014;212,2;220,69
28.04.2014;212,24;220,73
25.04.2014;214,35;222,92
24.04.2014;213,84;222,39
23.04.2014;214,69;223,28
22.04.2014;212,93;221,45
17.04.2014;211,83;220,3
16.04.2014;209,14;217,51
15.04.2014;209,23;217,6
14.04.2014;207,51;215,81
11.04.2014;210,46;218,88
10.04.2014;213,67;222,22
09.04.2014;212,49;220,99
08.04.2014;212,63;221,14
07.04.2014;216,23;224,88
04.04.2014;217,3;225,99
03.04.2014;217;225,68
02.04.2014;216,17;224,82
01.04.2014;214,75;223,34
31.03.2014;213,14;221,67
28.03.2014;212,23;220,72
27.03.2014;211,91;220,39
26.03.2014;211,73;220,2
25.03.2014;210,38;218,8
24.03.2014;211,63;220,1
21.03.2014;211,89;220,37
20.03.2014;210,54;218,96
19.03.2014;210,93;219,37
18.03.2014;208,94;217,3
17.03.2014;207,15;215,44
14.03.2014;208,07;216,39
13.03.2014;210,54;218,96
12.03.2014;212,02;220,5
11.03.2014;212,4;220,9
10.03.2014;213,92;222,48
07.03.2014;214,62;223,2
06.03.2014;215,13;223,74
05.03.2014;215;223,6
04.03.2014;211,49;219,95
03.03.2014;213,86;222,41
28.02.2014;215,28;223,89
27.02.2014;214,87;223,46
26.02.2014;214,05;222,61
25.02.2014;214,36;222,93
24.02.2014;213,36;221,89
21.02.2014;213,33;221,86
20.02.2014;212,17;220,66
19.02.2014;212,78;221,29
18.02.2014;212,3;220,79
17.02.2014;212,19;220,68
14.02.2014;211,56;220,02
13.02.2014;212,05;220,53
12.02.2014;210,21;218,62
11.02.2014;207,98;216,3
10.02.2014;208,34;216,67
07.02.2014;205,74;213,97
06.02.2014;204,17;212,34
05.02.2014;204,13;212,3
04.02.2014;204,51;212,69
03.02.2014;208,94;217,3
31.01.2014;209,11;217,47
30.01.2014;206,8;215,07
29.01.2014;207,46;215,76
28.01.2014;206,14;214,39
27.01.2014;207,82;216,13
24.01.2014;212,35;220,84
23.01.2014;216,4;225,06
22.01.2014;216,39;225,05
21.01.2014;216,06;224,7
20.01.2014;216,27;224,92
17.01.2014;215,97;224,61
16.01.2014;216,79;225,46
15.01.2014;214,56;223,14
14.01.2014;213,81;222,36
13.01.2014;214,79;223,38
10.01.2014;215,41;224,03
09.01.2014;215,54;224,16
08.01.2014;214,52;223,1
07.01.2014;212,71;221,22
03.01.2014;213,3;221,83
02.01.2014;214,01;222,57
30.12.2013;213,03;221,55
27.12.2013;213,48;222,02
23.12.2013;211,2;219,65
20.12.2013;210,11;218,51
19.12.2013;208,34;216,67
18.12.2013;206,24;214,49
17.12.2013;206,26;214,51
16.12.2013;205,22;213,43
13.12.2013;205,29;213,5
12.12.2013;205,8;214,03
11.12.2013;208,42;216,76
10.12.2013;209,69;218,08
09.12.2013;209,39;217,77
06.12.2013;208,14;216,47
05.12.2013;210,3;218,71
04.12.2013;211,23;219,68
03.12.2013;212,82;221,33
02.12.2013;212,07;220,55
29.11.2013;212,52;221,02
28.11.2013;212,48;220,98
27.11.2013;212,34;220,83
26.11.2013;213,15;221,68
25.11.2013;212,94;221,46
22.11.2013;212,6;221,1
21.11.2013;212,14;220,63
20.11.2013;211,91;220,39
19.11.2013;212,62;221,12
18.11.2013;212,69;221,2
15.11.2013;211,6;220,06
14.11.2013;210,82;219,25
13.11.2013;209,72;218,11
12.11.2013;210,41;218,83
11.11.2013;210,37;218,78
08.11.2013;208,33;216,66
07.11.2013;208,58;216,92
06.11.2013;208,41;216,75
05.11.2013;208,86;217,21
04.11.2013;208,19;216,52
31.10.2013;205,12;213,32
30.10.2013;205,29;213,5
29.10.2013;204,45;212,63
28.10.2013;203,95;212,11
25.10.2013;203,63;211,78
24.10.2013;203,07;211,19
23.10.2013;204,78;212,97
22.10.2013;205,17;213,38
21.10.2013;204,66;212,85
18.10.2013;203,65;211,8
17.10.2013;204,59;212,77
16.10.2013;203;211,12
15.10.2013;202,13;210,22
14.10.2013;201,88;209,96
11.10.2013;201,04;209,08
10.10.2013;197,7;205,61
09.10.2013;197,15;205,04
08.10.2013;199,22;207,19
07.10.2013;200,55;208,57
04.10.2013;199,13;207,1
03.10.2013;199,99;207,99
02.10.2013;200,98;209,02
01.10.2013;199,05;207,01
30.09.2013;200,2;208,21
27.09.2013;201,13;209,18
26.09.2013;200,52;208,54
25.09.2013;200,76;208,79
24.09.2013;200,57;208,59
23.09.2013;201,09;209,13
20.09.2013;201,73;209,8
19.09.2013;203,7;211,85
18.09.2013;202,63;210,74
17.09.2013;202,35;210,44
16.09.2013;201,93;210,01
13.09.2013;201,09;209,13
12.09.2013;201,7;209,77
11.09.2013;201,66;209,73
10.09.2013;199,61;207,59
09.09.2013;199,19;207,16
06.09.2013;199,39;207,37
05.09.2013;197,62;205,52
04.09.2013;197,01;204,89
03.09.2013;195,74;203,57
02.09.2013;194,62;202,4
30.08.2013;195,11;202,91
29.08.2013;192,63;200,34
28.08.2013;192,42;200,12
27.08.2013;195,65;203,48
26.08.2013;195,95;203,79
23.08.2013;195,34;203,15
22.08.2013;193,53;201,27
21.08.2013;194,32;202,09
20.08.2013;195,55;203,37
19.08.2013;197,03;204,91
16.08.2013;198,32;206,25
14.08.2013;201,64;209,71
13.08.2013;200,32;208,33
12.08.2013;199,34;207,31
09.08.2013;198,64;206,59
08.08.2013;198,35;206,28
07.08.2013;199,47;207,45
06.08.2013;201,19;209,24
05.08.2013;200,97;209,01
02.08.2013;201,05;209,09
01.08.2013;197,96;205,88
31.07.2013;197,83;205,74
30.07.2013;197,42;205,32
29.07.2013;198,18;206,11
26.07.2013;198,71;206,66
25.07.2013;198,72;206,67
24.07.2013;199,26;207,23
23.07.2013;199,09;207,05
22.07.2013;199,18;207,15
19.07.2013;199,69;207,68
18.07.2013;198,48;206,42
17.07.2013;197,24;205,13
16.07.2013;199,22;207,19
15.07.2013;198,61;206,55
12.07.2013;198,63;206,58
11.07.2013;198,13;206,06
10.07.2013;198,5;206,44
09.07.2013;195,65;203,48
08.07.2013;195,24;203,05
05.07.2013;193,28;201,01
04.07.2013;191,19;198,84
03.07.2013;191,41;199,07
02.07.2013;192,04;199,72
01.07.2013;191,46;199,12
28.06.2013;191,38;199,04
27.06.2013;189,11;196,67
26.06.2013;186,39;193,85
25.06.2013;184,09;191,45
24.06.2013;186,52;193,98
21.06.2013;186,77;194,24
20.06.2013;189,92;197,52
19.06.2013;191,48;199,14
18.06.2013;191,43;199,09
17.06.2013;189,69;197,28
14.06.2013;190,48;198,1
13.06.2013;189,09;196,65
12.06.2013;190,69;198,32
11.06.2013;193,67;201,42
10.06.2013;192,79;200,5
07.06.2013;191,47;199,13
06.06.2013;192,51;200,21
05.06.2013;195,3;203,11
04.06.2013;196,29;204,14
03.06.2013;197,81;205,72
31.05.2013;198,74;206,69
29.05.2013;202,75;210,86
28.05.2013;199,96;207,96
27.05.2013;200,13;208,14
24.05.2013;200,6;208,62
23.05.2013;203,37;211,5
22.05.2013;204,44;212,62
21.05.2013;204,63;212,82
17.05.2013;201,27;209,32
16.05.2013;202,06;210,14
15.05.2013;199,73;207,72
14.05.2013;198,17;206,1
13.05.2013;198,26;206,19
10.05.2013;196,26;204,11
08.05.2013;195,89;203,73
07.05.2013;194,81;202,6
06.05.2013;193,51;201,25
03.05.2013;192,06;199,74
02.05.2013;189,74;197,33
30.04.2013;191,9;199,58
29.04.2013;191,47;199,13
26.04.2013;192,18;199,87
25.04.2013;191,3;198,95
24.04.2013;189,74;197,33
23.04.2013;187,55;195,05
22.04.2013;186,52;193,98
19.04.2013;184,82;192,21
18.04.2013;186,36;193,81
17.04.2013;187,69;195,2
16.04.2013;186,65;194,12
15.04.2013;189,96;197,56
12.04.2013;191,01;198,65
11.04.2013;190,71;198,34
10.04.2013;188,59;196,13
09.04.2013;188,28;195,81
08.04.2013;187,37;194,86
05.04.2013;190,65;198,28
04.04.2013;190,98;198,62
03.04.2013;192,68;200,39
02.04.2013;192;199,68
28.03.2013;192,74;200,45
27.03.2013;191,97;199,65
26.03.2013;190,93;198,57
25.03.2013;189,82;197,41
22.03.2013;190,76;198,39
21.03.2013;192,29;199,98
20.03.2013;192,23;199,92
19.03.2013;192,16;199,85
18.03.2013;192,07;199,75
15.03.2013;193,6;201,34
14.03.2013;192,84;200,55
13.03.2013;192,07;199,75
12.03.2013;192,38;200,08
11.03.2013;192,49;200,19
08.03.2013;190,3;197,91
07.03.2013;191,21;198,86
06.03.2013;190,5;198,12
05.03.2013;188,37;195,9
04.03.2013;188,3;195,83
01.03.2013;187,36;194,85
28.02.2013;186,29;193,74
27.02.2013;184,73;192,12
26.02.2013;183,41;190,75
25.02.2013;185,72;193,15
22.02.2013;183,86;191,21
21.02.2013;184,19;191,56
20.02.2013;186,16;193,61
19.02.2013;184,45;191,83
18.02.2013;184,49;191,87
15.02.2013;184,95;192,35
14.02.2013;183,51;190,85
13.02.2013;182,59;189,89
12.02.2013;183,25;190,58
11.02.2013;183,45;190,79
08.02.2013;182,26;189,55
07.02.2013;180,99;188,23
06.02.2013;181,01;188,25
05.02.2013;179,91;187,11
04.02.2013;180,3;187,51
01.02.2013;180,16;187,37
31.01.2013;180,19;187,4
30.01.2013;181,2;188,45
29.01.2013;180,22;187,43
28.01.2013;180,43;187,65
25.01.2013;180,6;187,82
24.01.2013;181,61;188,87
23.01.2013;181,34;188,59
22.01.2013;180,27;187,48
21.01.2013;180,73;187,96
18.01.2013;179,9;187,1
17.01.2013;179,72;186,91
16.01.2013;179,03;186,19
15.01.2013;178,73;185,88
14.01.2013;178,78;185,93
11.01.2013;180,54;187,76
10.01.2013;181,67;188,94
09.01.2013;180,81;188,04
08.01.2013;180,67;187,9
07.01.2013;181,97;189,25
04.01.2013;180,72;187,95
03.01.2013;178,99;186,15
02.01.2013;175,92;182,96
28.12.2012;174,73;181,72
27.12.2012;174,49;181,47
21.12.2012;176,76;183,83
20.12.2012;175,9;182,94
19.12.2012;176,44;183,5
18.12.2012;175,33;182,34
17.12.2012;174,73;181,72
14.12.2012;175,24;182,25
13.12.2012;176,48;183,54
12.12.2012;176,9;183,98
11.12.2012;176,9;183,98
10.12.2012;176,33;183,38
07.12.2012;175,31;182,32
06.12.2012;173,68;180,63
05.12.2012;172,77;179,68
04.12.2012;173,02;179,94
03.12.2012;174,01;180,97
30.11.2012;174,14;181,11
29.11.2012;173,56;180,5
28.11.2012;172,69;179,6
27.11.2012;172,86;179,77
26.11.2012;173,43;180,37
23.11.2012;172,43;179,33
22.11.2012;172,76;179,67
21.11.2012;172,52;179,42
20.11.2012;172,07;178,95
19.11.2012;169,88;176,68
16.11.2012;168,47;175,21
15.11.2012;169,88;176,68
14.11.2012;171,86;178,73
13.11.2012;172,57;179,47
12.11.2012;172,75;179,66
09.11.2012;172,45;179,35
08.11.2012;174,05;181,01
07.11.2012;176,48;183,54
06.11.2012;175,52;182,54
05.11.2012;174,84;181,83
02.11.2012;174,57;181,55
29.10.2012;171,75;178,62
25.10.2012;171,31;178,16
24.10.2012;171,34;178,19
23.10.2012;172,73;179,64
22.10.2012;173,48;180,42
19.10.2012;174,71;181,7
18.10.2012;174,19;181,16
17.10.2012;174,17;181,14
16.10.2012;173,32;180,25
15.10.2012;172,08;178,96
12.10.2012;172,88;179,8
11.10.2012;172,68;179,59
10.10.2012;174,32;181,29
09.10.2012;174,82;181,81
08.10.2012;174,71;181,7
05.10.2012;174,92;181,92
04.10.2012;175;182
03.10.2012;174,69;181,68
02.10.2012;175,45;182,47
01.10.2012;175,02;182,02
28.09.2012;175,69;182,72
27.09.2012;174,27;181,24
26.09.2012;174,77;181,76
25.09.2012;176,44;183,5
24.09.2012;176,32;183,37
21.09.2012;176,25;183,3
20.09.2012;175,93;182,97
19.09.2012;175,43;182,45
18.09.2012;174,91;181,91
17.09.2012;175,62;182,64
14.09.2012;176,12;183,16
13.09.2012;174,84;181,83
12.09.2012;174,78;181,77
11.09.2012;174,9;181,9
10.09.2012;175,56;182,58
07.09.2012;176,32;183,37
06.09.2012;173,59;180,53
05.09.2012;174,54;181,52
04.09.2012;174,92;181,92
03.09.2012;174,24;181,21
31.08.2012;174,83;181,82
30.08.2012;175,77;182,8
29.08.2012;175,18;182,19
28.08.2012;176,1;183,14
27.08.2012;176,11;183,15
24.08.2012;175,09;182,09
23.08.2012;177,08;184,16
22.08.2012;177,88;185
21.08.2012;179,68;186,87
20.08.2012;180,43;187,65
17.08.2012;179,09;186,25
16.08.2012;178,91;186,07
14.08.2012;177,71;184,82
13.08.2012;178,87;186,02
10.08.2012;179,15;186,32
09.08.2012;177,95;185,07
08.08.2012;177,18;184,27
07.08.2012;176,22;183,27
06.08.2012;176,05;183,09
03.08.2012;175,25;182,26
02.08.2012;174,78;181,77
01.08.2012;174,78;181,77
31.07.2012;176,19;183,24
30.07.2012;174,01;180,97
27.07.2012;171,4;178,26
26.07.2012;170,37;177,18
25.07.2012;171,17;178,02
24.07.2012;172,14;179,03
23.07.2012;174,56;181,54
20.07.2012;175,32;182,33
19.07.2012;174,02;180,98
18.07.2012;173,27;180,2
17.07.2012;171,96;178,84
16.07.2012;172;178,88
13.07.2012;169,94;176,74
12.07.2012;170,75;177,58
11.07.2012;170,98;177,82
10.07.2012;170,85;177,68
09.07.2012;171,74;178,61
06.07.2012;172,44;179,34
05.07.2012;171,59;178,45
04.07.2012;170,38;177,2
03.07.2012;168,89;175,65
02.07.2012;166,68;173,35
29.06.2012;165,07;171,67
28.06.2012;164,77;171,36
27.06.2012;163,13;169,66
26.06.2012;162,26;168,75
25.06.2012;164,18;170,75
22.06.2012;163,6;170,14
21.06.2012;165,73;172,36
20.06.2012;165,78;172,41
19.06.2012;164,88;171,48
18.06.2012;163,5;170,04
15.06.2012;162,14;168,63
14.06.2012;161,98;168,46
13.06.2012;164,11;170,67
12.06.2012;162,43;168,93
11.06.2012;163,6;170,14
08.06.2012;162,35;168,84
06.06.2012;159,47;165,85
05.06.2012;157,88;164,2
04.06.2012;160,08;166,48
01.06.2012;163,93;170,49
31.05.2012;164,43;171,01
30.05.2012;165,27;171,88
29.05.2012;163,33;169,86
25.05.2012;162,54;169,04
24.05.2012;162,1;168,58
23.05.2012;161,49;167,95
22.05.2012;160,62;167,04
21.05.2012;158,88;165,24
18.05.2012;161,03;167,47
16.05.2012;163,88;170,44
15.05.2012;164,25;170,82
14.05.2012;165,57;172,19
11.05.2012;165,82;172,45
10.05.2012;166,07;172,71
09.05.2012;166,61;173,27
08.05.2012;167,35;174,04
07.05.2012;167,35;174,04
04.05.2012;169,56;176,34
03.05.2012;171,18;178,03
02.05.2012;170,59;177,41
30.04.2012;170,82;177,65
27.04.2012;170,6;177,42
26.04.2012;170,14;176,95
25.04.2012;167,66;174,37
24.04.2012;168,37;175,1
23.04.2012;169,39;176,17
20.04.2012;169,95;176,75
19.04.2012;170,75;177,58
18.04.2012;170,61;177,43
17.04.2012;169,21;175,98
16.04.2012;169,43;176,21
13.04.2012;170;176,8
12.04.2012;168,31;175,04
11.04.2012;167,93;174,65
10.04.2012;172,4;179,3
05.04.2012;171,96;178,84
04.04.2012;172,22;179,11
03.04.2012;173,01;179,93
02.04.2012;171,13;177,98
30.03.2012;171,06;177,9
29.03.2012;171,71;178,58
28.03.2012;172,7;179,61
27.03.2012;172,61;179,51
26.03.2012;171,17;178,02
23.03.2012;171,57;178,43
22.03.2012;173,04;179,96
21.03.2012;173,12;180,04
20.03.2012;174,15;181,12
19.03.2012;174,58;181,56
16.03.2012;175,63;182,66
15.03.2012;175,62;182,64
14.03.2012;174,79;181,78
13.03.2012;171,55;178,41
12.03.2012;172,42;179,32
09.03.2012;169,69;176,48
08.03.2012;168,87;175,62
07.03.2012;168,1;174,82
06.03.2012;170,23;177,04
05.03.2012;171,56;178,42
02.03.2012;170,63;177,46
01.03.2012;169,2;175,97
29.02.2012;168,94;175,7
28.02.2012;168,47;175,21
27.02.2012;167,82;174,53
24.02.2012;168,48;175,22
23.02.2012;168,91;175,67
22.02.2012;168,96;175,72
21.02.2012;169,06;175,82
20.02.2012;169,65;176,44
17.02.2012;170,27;177,08
16.02.2012;169,13;175,9
15.02.2012;168,08;174,8
14.02.2012;167,34;174,03
13.02.2012;166,18;172,83
10.02.2012;166,74;173,41
09.02.2012;167;173,68
08.02.2012;166,34;172,99
07.02.2012;167,68;174,39
06.02.2012;167,49;174,19
03.02.2012;164,93;171,53
02.02.2012;164,15;170,72
01.02.2012;163,28;169,81
31.01.2012;162,49;168,99
30.01.2012;163,24;169,77
27.01.2012;163,1;169,62
26.01.2012;164,74;171,33
25.01.2012;163,71;170,26
24.01.2012;162,95;169,47
23.01.2012;164,1;170,66
20.01.2012;164,8;171,39
19.01.2012;164,91;171,51
18.01.2012;164,32;170,89
17.01.2012;163,13;169,66
16.01.2012;163,05;169,57
13.01.2012;162,34;168,83
12.01.2012;163,29;169,82
11.01.2012;162,8;169,31
10.01.2012;161,15;167,6
09.01.2012;161,02;167,46
05.01.2012;159,22;165,59
04.01.2012;157,78;164,09
03.01.2012;156,27;162,52
02.01.2012;155,56;161,78
29.12.2011;154,63;160,82
28.12.2011;155,16;161,37
27.12.2011;155,33;161,54
23.12.2011;153,62;159,76
22.12.2011;152,87;158,98
21.12.2011;151,93;158,01
20.12.2011;148,87;154,82
19.12.2011;150,21;156,22
16.12.2011;149,89;155,89
15.12.2011;150,29;156,3
14.12.2011;151,5;157,56
13.12.2011;151,45;157,51
12.12.2011;152,05;158,13
09.12.2011;151,57;157,63
07.12.2011;153,26;159,39
06.12.2011;153,11;159,23
05.12.2011;152,18;158,27
02.12.2011;151,37;157,42
01.12.2011;150,81;156,84
30.11.2011;146,58;152,44
29.11.2011;145,69;151,52
28.11.2011;141,96;147,64
25.11.2011;141,85;147,52
24.11.2011;141,69;147,36
23.11.2011;143,39;149,13
22.11.2011;143,75;149,5
21.11.2011;146,21;152,06
18.11.2011;147,35;153,24
17.11.2011;149,48;155,46
16.11.2011;151,51;157,57
15.11.2011;150,64;156,67
14.11.2011;150,64;156,67
11.11.2011;148,96;154,92
10.11.2011;149,62;155,6
09.11.2011;151,65;157,72
08.11.2011;150,8;156,83
07.11.2011;150,93;156,97
04.11.2011;150,1;156,1
03.11.2011;148,02;153,94
02.11.2011;147,31;153,2
31.10.2011;151,71;157,78
28.10.2011;151,54;157,6
27.10.2011;148,46;154,4
25.10.2011;148,91;154,87
24.10.2011;145,63;151,46
21.10.2011;144,42;150,2
20.10.2011;144,05;149,81
19.10.2011;146,18;152,03
18.10.2011;144,77;150,56
17.10.2011;145,6;151,42
14.10.2011;145,12;150,92
13.10.2011;144,66;150,45
12.10.2011;144,18;149,95
11.10.2011;143,63;149,38
10.10.2011;141,02;146,66
07.10.2011;141,68;147,35
06.10.2011;138,86;144,41
05.10.2011;135,94;141,38
04.10.2011;135,5;140,92
03.10.2011;138,52;144,06
30.09.2011;139,95;145,55
29.09.2011;139,9;145,5
28.09.2011;142,25;147,94
27.09.2011;139,46;145,04
26.09.2011;137,32;142,81
23.09.2011;137,48;142,98
22.09.2011;142;147,68
21.09.2011;145,44;151,26
20.09.2011;146,59;152,45
19.09.2011;147,43;153,33
16.09.2011;145,76;151,59
15.09.2011;144,79;150,58
14.09.2011;143,98;149,74
13.09.2011;142,72;148,43
12.09.2011;143,08;148,8
09.09.2011;144,55;150,33
08.09.2011;144,87;150,66
07.09.2011;140,28;145,89
06.09.2011;140,8;146,43
05.09.2011;142,44;148,14
02.09.2011;145,87;151,7
01.09.2011;145,38;151,2
31.08.2011;143,1;148,82
30.08.2011;141,32;146,97
29.08.2011;139;144,56
26.08.2011;137,23;142,72
25.08.2011;138,4;143,94
24.08.2011;137,22;142,71
23.08.2011;133,21;138,54
22.08.2011;133,05;138,37
19.08.2011;136,95;142,43
18.08.2011;142,13;147,82
17.08.2011;142,59;148,29
16.08.2011;143,35;149,08
12.08.2011;140,67;146,3
11.08.2011;136,85;142,32
10.08.2011;140,27;145,88
09.08.2011;136,39;141,85
08.08.2011;145,77;151,6
05.08.2011;148;153,92
04.08.2011;153,8;159,95
03.08.2011;155,43;161,65
02.08.2011;159,26;165,63
01.08.2011;157,95;164,27
29.07.2011;159,05;165,41
28.07.2011;158,77;165,12
27.07.2011;160,94;167,38
26.07.2011;162,5;169
25.07.2011;162,89;169,41
22.07.2011;162,15;168,64
21.07.2011;162,7;169,21
20.07.2011;162,22;168,71
19.07.2011;161,26;167,71
18.07.2011;162,13;168,62
15.07.2011;161,57;168,03
14.07.2011;162,63;169,14
13.07.2011;162,88;169,4
12.07.2011;164,02;170,58
11.07.2011;164,92;171,52
08.07.2011;164,72;171,31
07.07.2011;163,88;170,44
06.07.2011;162,55;169,05
05.07.2011;162,11;168,59
04.07.2011;161,72;168,19
01.07.2011;159,68;166,07
30.06.2011;158,75;165,1
29.06.2011;156,79;163,06
28.06.2011;155,64;161,87
27.06.2011;156,29;162,54
24.06.2011;157,02;163,3
22.06.2011;156,54;162,8
21.06.2011;154,53;160,71
20.06.2011;154,23;160,4
17.06.2011;155,3;161,51
16.06.2011;155,07;161,27
15.06.2011;155,8;162,03
14.06.2011;154,4;160,58
10.06.2011;155,51;161,73
09.06.2011;153,74;159,89
08.06.2011;154,3;160,47
07.06.2011;154,9;161,1
06.06.2011;156,72;162,99
03.06.2011;159,08;165,44
01.06.2011;162,95;169,47
31.05.2011;161,76;168,23
30.05.2011;161,8;168,27
27.05.2011;161,9;168,38
26.05.2011;160,85;167,28
25.05.2011;159,98;166,38
24.05.2011;160,63;167,06
23.05.2011;162,26;168,75
20.05.2011;162,29;168,78
19.05.2011;161,62;168,08
18.05.2011;160,8;167,23
17.05.2011;161,21;167,66
16.05.2011;162,74;169,25
13.05.2011;163,98;170,54
12.05.2011;163,53;170,07
11.05.2011;164,04;170,6
10.05.2011;163,56;170,1
09.05.2011;161,04;167,48
06.05.2011;159,57;165,95
05.05.2011;158,13;164,46
04.05.2011;159,82;166,21
03.05.2011;160,48;166,9
02.05.2011;160,7;167,13
29.04.2011;160,4;166,82
28.04.2011;161,31;167,76
27.04.2011;160,91;167,35
26.04.2011;160,46;166,88
21.04.2011;159,69;166,08
20.04.2011;158,25;164,58
19.04.2011;158,35;164,68
18.04.2011;158,75;165,1
15.04.2011;157,58;163,88
14.04.2011;157,46;163,76
13.04.2011;156,67;162,94
12.04.2011;159,17;165,54
11.04.2011;159,88;166,28
08.04.2011;161,14;167,59
07.04.2011;161,24;167,69
06.04.2011;162,13;168,62
05.04.2011;161,82;168,29
04.04.2011;162,3;168,79
01.04.2011;160,69;167,12
31.03.2011;161,52;167,98
30.03.2011;159,91;166,31
29.03.2011;158,67;165,02
28.03.2011;158,92;165,28
25.03.2011;157,75;164,06
24.03.2011;156,65;162,92
23.03.2011;155,46;161,68
22.03.2011;155,87;162,1
21.03.2011;153,47;159,61
18.03.2011;153,79;159,94
17.03.2011;152,85;158,96
16.03.2011;153,78;159,93
15.03.2011;156,7;162,97
14.03.2011;159,38;165,76
11.03.2011;159,8;166,19
10.03.2011;161,73;168,2
09.03.2011;162,13;168,62
08.03.2011;160,16;166,57
07.03.2011;161,9;168,38
04.03.2011;162,91;169,43
03.03.2011;161,06;167,5
02.03.2011;161,4;167,86
01.03.2011;163,23;169,76
28.02.2011;162,94;169,46
25.02.2011;160,02;166,42
24.02.2011;160,7;167,13
23.02.2011;162,65;169,16
22.02.2011;166,02;172,66
21.02.2011;166,86;173,53
18.02.2011;166,84;173,51
17.02.2011;166,84;173,51
16.02.2011;166;172,64
15.02.2011;166,84;173,51
14.02.2011;164,8;171,39
11.02.2011;163,68;170,23
10.02.2011;163,14;169,67
09.02.2011;164,06;170,62
08.02.2011;164,97;171,57
07.02.2011;163,75;170,3
04.02.2011;162,42;168,92
03.02.2011;160,65;167,08
02.02.2011;160,86;167,29
01.02.2011;158,67;165,02
31.01.2011;159,13;165,5
28.01.2011;160,99;167,43
27.01.2011;160,57;166,99
26.01.2011;159,27;165,64
25.01.2011;159,39;165,77
24.01.2011;159,5;165,88
21.01.2011;161,33;167,78
20.01.2011;162,44;168,94
19.01.2011;165,04;171,64
18.01.2011;165,45;172,07
17.01.2011;165,13;171,74
14.01.2011;164,75;171,34
13.01.2011;167,63;174,34
12.01.2011;167,5;174,2
11.01.2011;166,47;173,13
10.01.2011;166,51;173,17
07.01.2011;166,59;173,25
05.01.2011;163,9;170,46
04.01.2011;163,55;170,09
03.01.2011;161,5;167,96
30.12.2010;164,95;171,55
29.12.2010;164,41;170,99
28.12.2010;164,17;170,74
27.12.2010;164,85;171,44
23.12.2010;165,32;171,93
22.12.2010;164,73;171,32
21.12.2010;163,96;170,52
20.12.2010;163,29;169,82
17.12.2010;162,45;168,95
16.12.2010;160,87;167,3
15.12.2010;161,17;167,62
14.12.2010;160,86;167,29
13.12.2010;162,17;168,66
10.12.2010;161,77;168,24
09.12.2010;160,98;167,42
07.12.2010;160,12;166,52
06.12.2010;158,91;165,27
03.12.2010;160,19;166,6
02.12.2010;158,64;164,99
01.12.2010;155,81;162,04
30.11.2010;155,75;161,98
29.11.2010;155,52;161,74
26.11.2010;155,25;161,46
25.11.2010;154,87;161,06
24.11.2010;152,38;158,48
23.11.2010;153,28;159,41
22.11.2010;152,8;158,91
19.11.2010;153,13;159,26
18.11.2010;151;157,04
17.11.2010;150,73;156,76
16.11.2010;153,3;159,43
15.11.2010;151,98;158,06
12.11.2010;153,96;160,12
11.11.2010;154,31;160,48
10.11.2010;152,98;159,1
09.11.2010;153,58;159,72
08.11.2010;152,39;158,49
05.11.2010;149,89;155,89
04.11.2010;148,62;154,56
03.11.2010;148,21;154,14
02.11.2010;148,47;154,41
29.10.2010;147,95;153,87
28.10.2010;148,89;154,85
27.10.2010;148,84;154,79
25.10.2010;148,2;154,13
22.10.2010;147,18;153,07
21.10.2010;147,15;153,04
20.10.2010;147,82;153,73
19.10.2010;148,58;154,52
18.10.2010;147,85;153,76
15.10.2010;147,12;153
14.10.2010;147,89;153,81
13.10.2010;147,42;153,32
12.10.2010;146,99;152,87
11.10.2010;146,19;152,04
08.10.2010;145,38;151,2
07.10.2010;146,02;151,86
06.10.2010;145,77;151,6
